{"cameraMode":{"drawMode":0,"name":"Shaded","section":"Shading Mode"},"sceneLighting":true,"audioPlay":false,"sceneViewState":{"showFog":true,"showMaterialUpdate":false,"showSkybox":true,"showFlares":true,"showImageEffects":true,"showParticleSystems":true},"in2DMode":false,"pivot":{"x":3.238058090209961,"y":33.26678466796875,"z":10.591983795166016},"rotation":{"x":0.001469875918701291,"y":0.9695103168487549,"z":-0.24497643113136292,"w":0.005817132070660591},"size":154.79974365234376,"orthographic":false}